ID,Parameter Score (CS)
A1,1.6322095472510827
A2,2.3553071957924936
A3,1.6322095472510827
A4,1.6322095472510827
A5,2.3553071957924936
A6,2.3553071957924936
A7,2.3553071957924936
A8,1.6322095472510827
A9,2.3553071957924936
A10,1.6322095472510827
A11,1.6322095472510827
A12,1.6322095472510827
A13,2.3553071957924936
A14,2.3553071957924936
A15,1.6322095472510827
A16,2.3553071957924936
A17,1.6322095472510827
A18,1.6322095472510827
A19,2.3553071957924936
A20,1.6322095472510827
A21,2.3553071957924936
A22,2.3553071957924936
A23,2.3553071957924936
A24,1.6322095472510827
A25,1.6322095472510827
A26,2.3553071957924936
A27,2.3553071957924936
A28,2.3553071957924936
A29,2.3553071957924936
A30,2.3553071957924936
A31,1.6322095472510827
A32,1.6322095472510827
A33,2.3553071957924936
A34,1.6322095472510827
A35,1.6322095472510827
A36,1.6322095472510827
A37,1.6322095472510827
A38,1.6322095472510827
A39,1.6322095472510827
A40,1.6322095472510827
A41,1.6322095472510827
A42,2.3553071957924936
A43,1.6322095472510827
A44,2.3553071957924936
A45,1.6322095472510827
A46,1.6322095472510827
A47,1.6322095472510827
A48,1.6322095472510827
A49,1.6322095472510827
A50,1.6322095472510827
A51,1.6322095472510827
A52,1.6322095472510827
A53,2.3553071957924936
A54,2.3553071957924936
A55,1.6322095472510827
A56,1.6322095472510827
A57,1.6322095472510827
A58,1.6322095472510827
A59,1.6322095472510827
A60,1.6322095472510827
A61,1.6322095472510827
A62,2.3553071957924936
A63,2.3553071957924936
A64,1.6322095472510827
A65,1.6322095472510827
A66,1.6322095472510827
A67,1.6322095472510827
A68,1.6322095472510827
A69,1.6322095472510827
A70,2.3553071957924936
A71,1.6322095472510827
A72,1.6322095472510827
A73,1.6322095472510827
A74,1.6322095472510827
A75,1.6322095472510827
A76,2.3553071957924936
A77,1.6322095472510827
A78,2.3553071957924936
A79,2.3553071957924936
A80,1.6322095472510827
A81,2.3553071957924936
A82,1.6322095472510827
A83,2.3553071957924936
A84,2.3553071957924936
A85,1.6322095472510827
A86,1.6322095472510827
A87,1.6322095472510827
A88,2.3553071957924936
A89,2.3553071957924936
A90,1.6322095472510827
A91,1.6322095472510827
A92,2.3553071957924936
A93,2.3553071957924936
A94,1.6322095472510827
A95,1.6322095472510827
A96,1.6322095472510827
A97,2.3553071957924936
A98,2.3553071957924936
A99,2.3553071957924936
A100,2.3553071957924936
A101,1.6322095472510827
A102,2.3553071957924936
A103,2.3553071957924936
A104,1.6322095472510827
A105,2.3553071957924936
A106,1.6322095472510827
A107,2.3553071957924936
A108,1.6322095472510827
A109,1.6322095472510827
A110,2.3553071957924936
A111,1.6322095472510827
A112,2.3553071957924936
A113,2.3553071957924936
A114,1.6322095472510827
A115,2.3553071957924936
A116,2.3553071957924936
A117,2.3553071957924936
A118,2.3553071957924936
A119,2.3553071957924936
A120,1.6322095472510827
A121,1.6322095472510827
A122,2.3553071957924936
A123,2.3553071957924936
A124,2.3553071957924936
A125,2.3553071957924936
A126,2.3553071957924936
A127,2.3553071957924936
A128,2.3553071957924936
A129,1.6322095472510827
A130,2.3553071957924936
A131,2.3553071957924936
A132,1.6322095472510827
A133,1.6322095472510827
A134,1.6322095472510827
A135,2.3553071957924936
A136,2.3553071957924936
A137,2.3553071957924936
A138,1.6322095472510827
A139,1.6322095472510827
A140,1.6322095472510827
A141,1.6322095472510827
A142,2.3553071957924936
A143,2.3553071957924936
A144,2.3553071957924936
A145,1.6322095472510827
A146,1.6322095472510827
A147,2.3553071957924936
A148,1.6322095472510827
A149,1.6322095472510827
A150,2.3553071957924936
A151,2.3553071957924936
A152,2.3553071957924936
A153,1.6322095472510827
A154,2.3553071957924936
A155,1.6322095472510827
A156,1.6322095472510827
A157,2.3553071957924936
A158,2.3553071957924936
A159,1.6322095472510827
A160,1.6322095472510827
A161,2.3553071957924936
A162,2.3553071957924936
A163,2.3553071957924936
A164,1.6322095472510827
A165,1.6322095472510827
A166,1.6322095472510827
A167,2.3553071957924936
A168,1.6322095472510827
A169,2.3553071957924936
A170,2.3553071957924936
A171,1.6322095472510827
A172,1.6322095472510827
A173,1.6322095472510827
A174,1.6322095472510827
A175,1.6322095472510827
A176,1.6322095472510827
A177,2.3553071957924936
A178,1.6322095472510827
A179,2.3553071957924936
A180,1.6322095472510827
A181,2.3553071957924936
A182,2.3553071957924936
A183,2.3553071957924936
A184,2.3553071957924936
A185,2.3553071957924936
A186,2.3553071957924936
A187,2.3553071957924936
A188,2.3553071957924936
A189,1.6322095472510827
A190,2.3553071957924936
A191,2.3553071957924936
A192,1.6322095472510827
A193,2.3553071957924936
A194,2.3553071957924936
A195,1.6322095472510827
