ID,Parameter Score (SS)
A1,1.1301001995719027
A2,1.1301001995719027
A3,1.1301001995719027
A4,1.1301001995719027
A5,1.1301001995719027
A6,1.1301001995719027
A7,1.1301001995719027
A8,1.1301001995719027
A9,1.1301001995719027
A10,1.1301001995719027
A11,1.1301001995719027
A12,1.1301001995719027
A13,1.1301001995719027
A14,1.1301001995719027
A15,0.9807318391077875
A16,0.9807318391077875
A17,0.9807318391077875
A18,0.9807318391077875
A19,0.9807318391077875
A20,0.9807318391077875
A21,0.9807318391077875
A22,0.9807318391077875
A23,0.9807318391077875
A24,0.9807318391077875
A25,0.9807318391077875
A26,0.9807318391077875
A27,0.9807318391077875
A28,1.361506967955279
A29,1.361506967955279
A30,1.361506967955279
A31,1.1301001995719027
A32,0.9807318391077875
A33,0.9807318391077875
A34,0.9807318391077875
A35,0.9807318391077875
A36,0.9807318391077875
A37,0.9807318391077875
A38,0.9807318391077875
A39,0.9807318391077875
A40,1.1301001995719027
A41,1.1301001995719027
A42,1.1301001995719027
A43,1.1301001995719027
A44,1.361506967955279
A45,1.361506967955279
A46,1.1301001995719027
A47,1.1301001995719027
A48,1.1301001995719027
A49,1.1301001995719027
A50,1.1301001995719027
A51,1.1301001995719027
A52,1.1301001995719027
A53,1.1301001995719027
A54,1.1301001995719027
A55,1.1301001995719027
A56,1.1301001995719027
A57,1.1301001995719027
A58,1.1301001995719027
A59,1.1301001995719027
A60,1.1301001995719027
A61,1.1301001995719027
A62,1.1301001995719027
A63,1.1301001995719027
A64,1.1301001995719027
A65,1.1301001995719027
A66,1.361506967955279
A67,1.1301001995719027
A68,1.1301001995719027
A69,1.1301001995719027
A70,1.1301001995719027
A71,1.1301001995719027
A72,1.1301001995719027
A73,1.1301001995719027
A74,1.1301001995719027
A75,1.1301001995719027
A76,1.1301001995719027
A77,1.1301001995719027
A78,1.1301001995719027
A79,1.1301001995719027
A80,1.1301001995719027
A81,1.1301001995719027
A82,1.361506967955279
A83,0.9807318391077875
A84,0.9807318391077875
A85,0.9807318391077875
A86,0.9807318391077875
A87,0.9807318391077875
A88,0.9807318391077875
A89,0.9807318391077875
A90,0.9807318391077875
A91,0.9807318391077875
A92,0.9807318391077875
A93,0.9807318391077875
A94,0.9807318391077875
A95,0.9807318391077875
A96,0.9807318391077875
A97,0.9807318391077875
A98,0.2852959373066612
A99,0.2852959373066612
A100,0.2852959373066612
A101,1.1301001995719027
A102,1.1301001995719027
A103,1.361506967955279
A104,1.361506967955279
A105,1.361506967955279
A106,0.9807318391077875
A107,0.9807318391077875
A108,0.9807318391077875
A109,0.9807318391077875
A110,0.9807318391077875
A111,0.9807318391077875
A112,0.9807318391077875
A113,0.9807318391077875
A114,1.1301001995719027
A115,1.1301001995719027
A116,1.361506967955279
A117,1.361506967955279
A118,1.361506967955279
A119,1.361506967955279
A120,1.361506967955279
A121,1.361506967955279
A122,1.361506967955279
A123,1.3298900599514096
A124,1.3298900599514096
A125,0.9807318391077875
A126,0.9807318391077875
A127,0.9807318391077875
A128,0.9807318391077875
A129,0.9807318391077875
A130,0.9807318391077875
A131,0.9807318391077875
A132,0.9807318391077875
A133,0.9807318391077875
A134,0.9807318391077875
A135,0.9807318391077875
A136,0.9807318391077875
A137,0.9807318391077875
A138,1.361506967955279
A139,1.1301001995719027
A140,1.361506967955279
A141,0.0
A142,0.0
A143,0.0
A144,0.0
A145,0.0
A146,0.9807318391077875
A147,0.9807318391077875
A148,0.9807318391077875
A149,0.9807318391077875
A150,0.9807318391077875
A151,0.9807318391077875
A152,0.9807318391077875
A153,0.9807318391077875
A154,0.9807318391077875
A155,0.9807318391077875
A156,0.9807318391077875
A157,0.9807318391077875
A158,0.9807318391077875
A159,0.9807318391077875
A160,0.9807318391077875
A161,0.9807318391077875
A162,0.9807318391077875
A163,1.1301001995719027
A164,1.3298900599514096
A165,1.3298900599514096
A166,1.1301001995719027
A167,0.9807318391077875
A168,0.9807318391077875
A169,0.9807318391077875
A170,0.9807318391077875
A171,0.9807318391077875
A172,0.9807318391077875
A173,0.9807318391077875
A174,0.9807318391077875
A175,0.9807318391077875
A176,0.9807318391077875
A177,0.9807318391077875
A178,0.9807318391077875
A179,0.9807318391077875
A180,0.9807318391077875
A181,1.3298900599514096
A182,1.3298900599514096
A183,1.361506967955279
A184,1.1301001995719027
A185,0.9807318391077875
A186,0.9807318391077875
A187,0.9807318391077875
A188,0.9807318391077875
A189,0.9807318391077875
A190,0.9807318391077875
A191,0.9807318391077875
A192,0.9807318391077875
A193,1.361506967955279
A194,1.1301001995719027
A195,1.1301001995719027
