ID,Parameter Score (SE)
A1,2.9726159554730978
A2,2.9726159554730978
A3,2.9726159554730978
A4,2.9726159554730978
A5,2.9726159554730978
A6,2.9726159554730978
A7,2.9726159554730978
A8,2.9726159554730978
A9,2.9726159554730978
A10,2.9726159554730978
A11,2.9726159554730978
A12,2.9726159554730978
A13,2.9726159554730978
A14,1.9775726760801389
A15,2.9726159554730978
A16,1.044919547984483
A17,0.16567127140375548
A18,1.325682906051004
A19,1.325682906051004
A20,0.08536159587711617
A21,0.22617730095990962
A22,1.325682906051004
A23,1.325682906051004
A24,0.08536159587711617
A25,0.0
A26,1.9775726760801389
A27,0.601396291569702
A28,1.9775726760801389
A29,1.325682906051004
A30,1.325682906051004
A31,1.9775726760801389
A32,2.9726159554730978
A33,2.9726159554730978
A34,1.044919547984483
A35,0.601396291569702
A36,1.9775726760801389
A37,1.9775726760801389
A38,0.16567127140375548
A39,0.601396291569702
A40,1.9775726760801389
A41,2.9726159554730978
A42,1.9775726760801389
A43,1.9775726760801389
A44,2.9726159554730978
A45,2.9726159554730978
A46,2.9726159554730978
A47,1.9775726760801389
A48,1.9775726760801389
A49,2.9726159554730978
A50,2.9726159554730978
A51,2.9726159554730978
A52,2.9726159554730978
A53,2.9726159554730978
A54,2.9726159554730978
A55,2.9726159554730978
A56,2.9726159554730978
A57,2.9726159554730978
A58,2.9726159554730978
A59,2.9726159554730978
A60,2.9726159554730978
A61,2.9726159554730978
A62,2.9726159554730978
A63,2.9726159554730978
A64,2.9726159554730978
A65,2.9726159554730978
A66,2.9726159554730978
A67,2.9726159554730978
A68,2.9726159554730978
A69,2.9726159554730978
A70,2.9726159554730978
A71,2.9726159554730978
A72,2.9726159554730978
A73,2.9726159554730978
A74,2.9726159554730978
A75,2.9726159554730978
A76,2.9726159554730978
A77,2.9726159554730978
A78,2.9726159554730978
A79,2.9726159554730978
A80,2.9726159554730978
A81,2.9726159554730978
A82,2.9726159554730978
A83,1.9775726760801389
A84,1.9775726760801389
A85,1.9775726760801389
A86,1.9775726760801389
A87,0.22617730095990962
A88,1.325682906051004
A89,1.325682906051004
A90,0.601396291569702
A91,0.08536159587711617
A92,1.325682906051004
A93,1.9775726760801389
A94,0.08536159587711617
A95,1.325682906051004
A96,1.9775726760801389
A97,1.325682906051004
A98,1.325682906051004
A99,2.9726159554730978
A100,2.9726159554730978
A101,0.22617730095990962
A102,1.325682906051004
A103,1.9775726760801389
A104,1.9775726760801389
A105,1.9775726760801389
A106,0.601396291569702
A107,0.16567127140375548
A108,1.325682906051004
A109,1.044919547984483
A110,0.08536159587711617
A111,1.044919547984483
A112,1.9775726760801389
A113,0.10210162751870308
A114,1.044919547984483
A115,1.9775726760801389
A116,2.9726159554730978
A117,1.9775726760801389
A118,1.9775726760801389
A119,1.325682906051004
A120,1.9775726760801389
A121,2.9726159554730978
A122,1.9775726760801389
A123,1.044919547984483
A124,1.325682906051004
A125,1.325682906051004
A126,0.601396291569702
A127,0.08536159587711617
A128,1.325682906051004
A129,1.9775726760801389
A130,0.08536159587711617
A131,0.601396291569702
A132,1.9775726760801389
A133,1.325682906051004
A134,0.08536159587711617
A135,1.044919547984483
A136,1.9775726760801389
A137,1.9775726760801389
A138,1.044919547984483
A139,1.9775726760801389
A140,1.9775726760801389
A141,1.9775726760801389
A142,1.9775726760801389
A143,1.9775726760801389
A144,0.22617730095990962
A145,1.325682906051004
A146,1.9775726760801389
A147,1.325682906051004
A148,0.08536159587711617
A149,0.601396291569702
A150,0.601396291569702
A151,0.08536159587711617
A152,0.08536159587711617
A153,0.08536159587711617
A154,0.08536159587711617
A155,0.08536159587711617
A156,0.08536159587711617
A157,0.601396291569702
A158,1.325682906051004
A159,0.0
A160,1.044919547984483
A161,1.9775726760801389
A162,1.9775726760801389
A163,1.044919547984483
A164,1.9775726760801389
A165,1.9775726760801389
A166,1.325682906051004
A167,1.325682906051004
A168,1.9775726760801389
A169,0.22617730095990962
A170,0.08536159587711617
A171,0.10210162751870308
A172,1.9775726760801389
A173,0.08536159587711617
A174,0.08536159587711617
A175,0.22617730095990962
A176,0.601396291569702
A177,0.08536159587711617
A178,0.08536159587711617
A179,1.9775726760801389
A180,1.9775726760801389
A181,1.044919547984483
A182,1.9775726760801389
A183,0.22617730095990962
A184,1.325682906051004
A185,1.325682906051004
A186,1.325682906051004
A187,1.325682906051004
A188,1.9775726760801389
A189,1.9775726760801389
A190,1.9775726760801389
A191,1.9775726760801389
A192,1.9775726760801389
A193,1.9775726760801389
A194,2.9726159554730978
A195,2.9726159554730978
