ID,Parameter Score (CR)
A1,0.8512137899893003
A2,1.2051198903013007
A3,2.185287703923142
A4,1.4214281523813466
A5,0.5671084427963677
A6,2.185287703923142
A7,1.4351157671747512
A8,0.25918553133635985
A9,2.185287703923142
A10,0.25918553133635985
A11,0.35605649995893895
A12,0.25918553133635985
A13,1.0566479441018184
A14,1.6695804195804194
A15,1.1524986709197238
A16,0.3964322288055007
A17,1.5780291255068701
A18,1.2051198903013007
A19,0.35605649995893895
A20,0.35605649995893895
A21,0.5671084427963677
A22,0.3377502531744177
A23,0.25918553133635985
A24,0.3377502531744177
A25,0.35605649995893895
A26,1.9515266369906814
A27,2.185287703923142
A28,2.185287703923142
A29,0.25918553133635985
A30,3.8642602495543676
A31,1.5780291255068701
A32,1.2453540140743933
A33,1.9515266369906814
A34,1.4214281523813466
A35,0.35605649995893895
A36,1.4214281523813466
A37,0.5671084427963677
A38,0.35605649995893895
A39,0.25918553133635985
A40,1.2453540140743933
A41,1.4214281523813466
A42,0.35605649995893895
A43,0.33137824981045316
A44,0.5671084427963677
A45,1.9515266369906814
A46,1.0566479441018184
A47,0.29531321304753544
A48,0.20934488286304734
A49,1.4214281523813466
A50,1.0566479441018184
A51,1.2051198903013007
A52,0.35605649995893895
A53,1.4214281523813466
A54,1.2051198903013007
A55,1.4214281523813466
A56,0.35605649995893895
A57,1.9515266369906814
A58,1.5780291255068701
A59,1.2051198903013007
A60,0.25918553133635985
A61,2.185287703923142
A62,1.9515266369906814
A63,1.0566479441018184
A64,2.185287703923142
A65,1.2453540140743933
A66,2.185287703923142
A67,0.3377502531744177
A68,1.4351157671747512
A69,1.9515266369906814
A70,0.25918553133635985
A71,1.2453540140743933
A72,0.3964322288055007
A73,1.4214281523813466
A74,0.33137824981045316
A75,1.2051198903013007
A76,2.185287703923142
A77,1.4214281523813466
A78,2.185287703923142
A79,1.9515266369906814
A80,1.4214281523813466
A81,1.4214281523813466
A82,0.3964322288055007
A83,0.3964322288055007
A84,1.1524986709197238
A85,1.4351157671747512
A86,0.3964322288055007
A87,1.0566479441018184
A88,1.2453540140743933
A89,1.1524986709197238
A90,0.35605649995893895
A91,1.0566479441018184
A92,1.9515266369906814
A93,0.3964322288055007
A94,0.25918553133635985
A95,1.2051198903013007
A96,1.4214281523813466
A97,0.8512137899893003
A98,1.2051198903013007
A99,1.1524986709197238
A100,1.4351157671747512
A101,0.3964322288055007
A102,1.9515266369906814
A103,0.33137824981045316
A104,1.5780291255068701
A105,0.35605649995893895
A106,0.5671084427963677
A107,1.2453540140743933
A108,1.9515266369906814
A109,0.35605649995893895
A110,1.0566479441018184
A111,1.0566479441018184
A112,1.9515266369906814
A113,0.3377502531744177
A114,0.8512137899893003
A115,1.4351157671747512
A116,0.25918553133635985
A117,2.185287703923142
A118,0.35605649995893895
A119,2.185287703923142
A120,1.4214281523813466
A121,1.4214281523813466
A122,1.2051198903013007
A123,1.6695804195804194
A124,1.2453540140743933
A125,1.4351157671747512
A126,3.8642602495543676
A127,0.35605649995893895
A128,1.0566479441018184
A129,1.6695804195804194
A130,1.0566479441018184
A131,0.35605649995893895
A132,1.2051198903013007
A133,1.4214281523813466
A134,0.5671084427963677
A135,1.6695804195804194
A136,1.5780291255068701
A137,1.0566479441018184
A138,0.3377502531744177
A139,0.33137824981045316
A140,1.2453540140743933
A141,1.2051198903013007
A142,0.8512137899893003
A143,1.4214281523813466
A144,1.4351157671747512
A145,1.2051198903013007
A146,1.6695804195804194
A147,1.0566479441018184
A148,0.8512137899893003
A149,0.35605649995893895
A150,0.3964322288055007
A151,0.8512137899893003
A152,1.5780291255068701
A153,0.8512137899893003
A154,0.35605649995893895
A155,0.35605649995893895
A156,1.0566479441018184
A157,1.6695804195804194
A158,1.6695804195804194
A159,0.5671084427963677
A160,1.0566479441018184
A161,2.185287703923142
A162,1.1524986709197238
A163,1.0566479441018184
A164,0.33137824981045316
A165,2.185287703923142
A166,0.35605649995893895
A167,0.35605649995893895
A168,1.2453540140743933
A169,1.2051198903013007
A170,0.5671084427963677
A171,0.3377502531744177
A172,1.1524986709197238
A173,1.5780291255068701
A174,1.5780291255068701
A175,0.5671084427963677
A176,1.4351157671747512
A177,0.3377502531744177
A178,0.3964322288055007
A179,1.4351157671747512
A180,1.9515266369906814
A181,1.4351157671747512
A182,0.35605649995893895
A183,0.3377502531744177
A184,2.185287703923142
A185,0.29531321304753544
A186,0.5671084427963677
A187,1.2453540140743933
A188,1.4351157671747512
A189,0.35605649995893895
A190,0.5671084427963677
A191,1.2453540140743933
A192,1.4351157671747512
A193,1.4214281523813466
A194,0.8512137899893003
A195,1.2051198903013007
